{"cameraMode":{"drawMode":0,"name":"Shaded","section":"Shading Mode"},"sceneLighting":false,"audioPlay":false,"sceneViewState":{"m_AlwaysRefresh":false,"showFog":true,"showSkybox":false,"showFlares":true,"showImageEffects":true,"showParticleSystems":true,"showVisualEffectGraphs":true,"m_FxEnabled":true},"in2DMode":false,"pivot":{"x":-0.03187823295593262,"y":0.016692042350769044,"z":-0.025638580322265626},"rotation":{"x":0.16746771335601808,"y":0.14879152178764344,"z":-0.003734271042048931,"w":0.9756221175193787},"size":0.8660253882408142,"orthographic":false}