{"cameraMode":{"drawMode":0,"name":"Shaded","section":"Shading Mode"},"sceneLighting":false,"audioPlay":false,"sceneViewState":{"m_AlwaysRefresh":false,"showFog":true,"showSkybox":false,"showFlares":true,"showImageEffects":true,"showParticleSystems":true,"showVisualEffectGraphs":true,"m_FxEnabled":true},"in2DMode":false,"pivot":{"x":-0.027405738830566407,"y":-0.007669687271118164,"z":-0.041417598724365237},"rotation":{"x":-0.20906642079353333,"y":-0.051283206790685657,"z":0.0020555697847157718,"w":-0.9772300124168396},"size":0.8660253882408142,"orthographic":false}