{"cameraMode":{"drawMode":0,"name":"Shaded","section":"Shading Mode"},"sceneLighting":false,"audioPlay":false,"sceneViewState":{"m_AlwaysRefresh":false,"showFog":true,"showSkybox":false,"showFlares":true,"showImageEffects":true,"showParticleSystems":true,"showVisualEffectGraphs":true,"m_FxEnabled":true},"in2DMode":false,"pivot":{"x":0.26181209087371828,"y":0.27126801013946535,"z":-0.7174793481826782},"rotation":{"x":0.20558014512062074,"y":0.0901978388428688,"z":0.0027766951825469734,"w":0.9755154848098755},"size":0.8660253882408142,"orthographic":false}