{"cameraMode":{"drawMode":0,"name":"Shaded","section":"Shading Mode"},"sceneLighting":false,"audioPlay":false,"sceneViewState":{"m_AlwaysRefresh":false,"showFog":true,"showSkybox":false,"showFlares":true,"showImageEffects":true,"showParticleSystems":true,"showVisualEffectGraphs":true,"m_FxEnabled":true},"in2DMode":false,"pivot":{"x":-0.2918601930141449,"y":0.23681357502937318,"z":-0.4428412914276123},"rotation":{"x":0.17630350589752198,"y":0.13119520246982575,"z":-0.0019056953024119139,"w":0.9765952229499817},"size":0.8660253882408142,"orthographic":false}