{"cameraMode":{"drawMode":0,"name":"Shaded","section":"Shading Mode"},"sceneLighting":false,"audioPlay":false,"sceneViewState":{"m_AlwaysRefresh":false,"showFog":true,"showSkybox":false,"showFlares":true,"showImageEffects":true,"showParticleSystems":true,"showVisualEffectGraphs":true,"m_FxEnabled":true},"in2DMode":false,"pivot":{"x":0.06027179956436157,"y":0.04215693473815918,"z":0.000550389289855957},"rotation":{"x":0.16746771335601808,"y":0.14879152178764344,"z":-0.003734271042048931,"w":0.9756221175193787},"size":0.8660253882408142,"orthographic":false}